{
  "project_info": {
    "project_number": "1033129457150",
    "project_id": "personal-budgeting-app-9ff67",
    "storage_bucket": "personal-budgeting-app-9ff67.firebasestorage.app"
  },
  "client": [
    {
      "client_info": {
        "mobilesdk_app_id": "1:1033129457150:android:bf151c12b803195d607caf",
        "android_client_info": {
          "package_name": "com.example.personalbudgetingapp"
        }
      },
      "oauth_client": [],
      "api_key": [
        {
          "current_key": "AIzaSyBNYOWt3ICcVca4OYg8lxjcda0PhkZLhFA"
        }
      ],
      "services": {
        "appinvite_service": {
          "other_platform_oauth_client": []
        }
      }
    }
  ],
  "configuration_version": "1"
}